scan,begin_time,end_time,spectral_window,channel,max,mean,median,min,rms,stddev,var
4,57593.74393518519,57593.74643518519,0,1,3.519043445587158,-0.0091858486968862,-0.0173736922442913,-3.442361354827881,0.9222141523271358,0.9221992459987834,0.8504514493207248
4,57593.74393518519,57593.74643518519,0,2,3.406496047973633,0.0019367280356386,-0.0013973042368888,-4.27348518371582,0.9293937270582046,0.9294227940134758,0.863826730031816
4,57593.74393518519,57593.74643518519,0,4,4.030645847320557,-0.0015444209871433,-0.0039655566215515,-3.363340377807617,0.9175877457828616,0.9176171360995488,0.8420212084635378
4,57593.74393518519,57593.74643518519,0,9,3.58718490600586,0.0109021544090805,0.0103799700736999,-3.4135444164276123,0.91390771746946,0.9138732531996856,0.8351643229137767
4,57593.74393518519,57593.74643518519,0,10,3.8054821491241455,0.0105538949417729,0.0081645995378494,-3.653350830078125,0.9200403474085596,0.920010583008886,0.8464194728483502
4,57593.74393518519,57593.74643518519,0,18,382.2221755981445,0.001810207124924,-0.0017059091478586,-3.82869029045105,0.9182269235189062,0.9182558505932332,0.8431938071487024
4,57593.74393518519,57593.74643518519,0,30,3.756038188934326,0.0118439325104688,0.0117291361093521,-3.613636016845703,0.9217111811683012,0.9216659065834228,0.8494680433582428
4,57593.74393518519,57593.74643518519,0,31,342.1018362045288,0.0032889697343783,0.0029386207461357,-3.590731620788574,0.913562951261094,0.9135875861185062,0.834642277509839
4,57593.74393518519,57593.74643518519,0,37,4.169845581054688,0.0075266920551611,0.0064268410205841,-3.698436498641968,0.9234011715049588,0.9234013792675452,0.8526701072332047
4,57593.74393518519,57593.74643518519,0,44,3.6657655239105225,-0.0091395938212058,-0.0160764455795288,-4.013121604919434,0.9169753031033512,0.9169604223885564,0.8408164162269998
4,57593.74393518519,57593.74643518519,0,45,3.8639519214630127,0.0029277896140406,-0.0075796544551849,-3.6545615196228014,0.9259207883323852,0.925947128090282,0.857378084018641
4,57593.74393518519,57593.74643518519,0,46,4.8551788330078125,0.0082376859456699,0.0005989354103803,-4.136667251586914,0.9263677480654672,0.9263621032330084,0.8581467463062828
4,57593.74393518519,57593.74643518519,0,47,407.3413848876953,0.0014482835632278,-0.0039180070161819,-3.795426368713379,0.9238716624861856,0.9239014275333396,0.8535938477981428
4,57593.74393518519,57593.74643518519,0,49,3.423701763153076,0.0014100870379187,-0.0047036502510309,-3.6006088256835938,0.919871251901368,0.919900937559094,0.8462177349220998
4,57593.74393518519,57593.74643518519,0,52,3.6832737922668457,0.0005582245931116,-0.0015111118555068,-3.730773687362671,0.9215309103111424,0.9215615632090424,0.8492757147842936
4,57593.74393518519,57593.74643518519,0,53,3.3686273097991943,0.0035016974784359,-0.004947492852807,-3.687880754470825,0.9229016289953592,0.9229258534569906,0.8517921309793145
4,57593.74393518519,57593.74643518519,0,54,3.658480405807495,0.0048629100868683,-0.0036842450499534,-3.740084171295166,0.9274209140687292,0.9274391832544736,0.860143438635725
4,57593.74393518519,57593.74643518519,0,55,3.2686924934387207,-0.0043862966239377,-0.0131134837865829,-3.5935580730438232,0.9310926872093088,0.9311134968615324,0.8669723440377111
4,57593.74393518519,57593.74643518519,0,56,3.4393458366394043,-0.0013179453278589,-0.0063946582376956,-4.325287818908691,0.9288562545930178,0.9288863865363344,0.8628299190925285
4,57593.74393518519,57593.74643518519,0,57,3.772057294845581,0.005911841984452,-8.027255535125732e-05,-3.605116367340088,0.9205913371893322,0.9206031446147176,0.8475101498745069
4,57593.74393518519,57593.74643518519,0,63,4.635179042816162,0.0042776934525315,0.0022958368062973,-3.691949844360352,0.9299575957725656,0.9299788607740628,0.8648606814866234
4,57593.74393518519,57593.74643518519,0,65,4.651053428649902,0.0082425800423109,0.0011698231101036,-3.987851619720459,0.9459359767386856,0.9459317015099936,0.8947867839215917
4,57593.74393518519,57593.74643518519,0,70,3.6952016353607178,0.0090624477675676,0.0041514802724123,-3.305328845977783,0.924345540948998,0.924332029589752,0.8543897009255104
4,57593.74393518519,57593.74643518519,0,71,3.8667054176330566,0.0050380945138097,0.0033493116497993,-3.618144989013672,0.9268341993915652,0.9268515051248803,0.8590537125522562
4,57593.74393518519,57593.74643518519,0,73,3.6869707107543945,0.0069706353567615,0.0062279030680656,-341.042709350586,0.928298600128324,0.928303475812556,0.8617473432056726
4,57593.74393518519,57593.74643518519,0,75,4.195496559143066,-0.0079976541551459,-0.0092966593801975,-4.322793006896973,0.9551173748095562,0.955115834340326,0.9122462570076172
4,57593.74393518519,57593.74643518519,0,77,3.9612691402435294,0.0040864768114726,-0.0049564391374588,-4.803252220153809,0.9246668398290436,0.9246887364497722,0.8550492593170764
4,57593.74393518519,57593.74643518519,0,78,3.784799575805664,0.0004126481730553,-0.0044152811169624,-3.4254283905029297,0.9245684492267698,0.924599280711346,0.8548838298919387
4,57593.74393518519,57593.74643518519,0,83,3.6315598487854,-0.006246351420219,-0.0102406181395053,-3.685338020324707,0.9243715485036528,0.9243813599861912,0.8544808986899206
4,57593.74393518519,57593.74643518519,0,86,377.6248216629028,-0.0111969089863142,-0.0123923122882843,-3.588329315185547,0.9182619836956448,0.9182244262668816,0.8431360969931442
4,57593.74393518519,57593.74643518519,0,87,3.8830931186676025,-0.0237789640174461,-0.0325408726930618,-3.883852481842041,0.9270149058031624,0.9267408723701296,0.858848644521349
4,57593.74393518519,57593.74643518519,0,88,4.067630290985107,0.0062651319533934,0.0046552494168281,-3.8275763988494873,0.9157838986344892,0.9157930966738554,0.8386769959154896
4,57593.74393518519,57593.74643518519,0,89,3.723287105560303,-0.0020587424404395,-0.0022662281990051,-3.86959457397461,0.9183965837073796,0.918424993262106,0.8435044682484997
4,57593.74393518519,57593.74643518519,0,90,3.972513198852539,-0.0006873986191025,-0.0063590928912162,-4.110836029052734,0.927186852473891,0.927217608802704,0.8597324940738041
4,57593.74393518519,57593.74643518519,0,91,3.802266836166382,0.0022883696757088,-0.0008092522621154,-4.769791603088379,0.9295523402180892,0.9295806136349178,0.8641201172458705
4,57593.74393518519,57593.74643518519,0,93,3.689572095870972,-0.0029670305493097,-0.0036685466766357,-3.2930586338043213,0.9223436192487506,0.9223696960079047,0.8507658561137147
4,57593.74393518519,57593.74643518519,0,96,4.111684799194336,0.0099619208220516,0.001803308725357,-3.7242584228515625,0.9179213068608734,0.917897947861721,0.8425366426887586
4,57593.74393518519,57593.74643518519,0,103,3.810569286346436,-0.000868059761112,-0.0024524927139282,-3.78339147567749,0.9155868069550438,0.9156170186099092,0.8383545247680987
4,57593.74393518519,57593.74643518519,0,106,3.5250444412231445,-0.0070173963333751,-0.0083859395235776,-3.751857280731201,0.9150927657841248,0.9150964646527912,0.8374015396200372
4,57593.74393518519,57593.74643518519,0,108,3.7089242935180655,-0.002843890837565,-0.0034327693283557,-3.56262469291687,0.9231400315784616,0.923166526672866,0.8522364359692436
4,57593.74393518519,57593.74643518519,0,110,3.863593578338623,0.009026138231152,0.0078263878822326,-3.599905252456665,0.9150218145242373,0.9150078975193624,0.8372394525228039
4,57593.74393518519,57593.74643518519,0,111,4.424111366271973,0.0013585783889124,0.0010872557759284,-4.135260105133057,0.9303622907594112,0.9303924161381026,0.8656300480072964
4,57593.74393518519,57593.74643518519,0,113,3.7341151237487793,-0.0021754328245577,-0.0047194361686706,-3.564976930618286,0.9198099599475856,0.9198381517296238,0.8461022253773703
4,57593.74393518519,57593.74643518519,0,120,3.546868324279785,0.0118208756730159,0.0084467008709907,-4.40941333770752,0.915834622820864,0.9157889612486106,0.8386694215448094
4,57593.74393518519,57593.74643518519,0,123,3.958961963653565,0.0041500174120242,0.0006835139356553,-4.297605991363525,0.9178309911871572,0.9178523068014526,0.8424528571007478
4,57593.74393518519,57593.74643518519,0,126,4.219778060913086,-0.0008096479214602,-0.0025690719485282,-3.6204042434692383,0.9236729263155268,0.9237034650750476,0.8532280913916496
4,57593.74393518519,57593.74643518519,0,127,3.6737875938415527,-0.0069539461040365,-0.0082246661186218,-3.8918416500091553,0.9219878804192222,0.921992491918156,0.8500701551534509
4,57593.74393518519,57593.74643518519,0,128,4.49574089050293,0.0051739126791473,0.004817483946681,-3.8825531005859375,0.9191326827119168,0.9191488615748568,0.8448346297343553
5,57593.74662037037,57593.74912037037,0,0,392.012095451355,-0.001132612047502,-0.0050002746284008,-3.9665064811706543,0.910129335641668,0.9101536354650896,0.8283796401503193
5,57593.74662037037,57593.74912037037,0,1,4.139252662658691,-0.0110958641572026,-0.0159432999789714,-3.938281297683716,0.9270180432537805,0.9269771021245604,0.8592865478632477
5,57593.74662037037,57593.74912037037,0,8,3.775364398956299,0.0027934607707353,-0.0073266997933387,-4.075649261474609,0.9183456759365656,0.9183666574959304,0.8433973176002476
5,57593.74662037037,57593.74912037037,0,9,4.588216781616211,-0.0008530771482613,-0.0039314031600952,-3.928682804107666,0.9097931031913562,0.9098176985779078,0.8277682446456007
5,57593.74662037037,57593.74912037037,0,10,4.176118850708008,0.0031158323962097,-0.0051441527903079,-3.580747604370117,0.902066754883771,0.902086156590276,0.8137594339118158
5,57593.74662037037,57593.74912037037,0,12,3.5990984439849854,-0.0055649683546725,-0.0071173533797264,-3.8443989753723145,0.9172362460229312,0.9172445636173148,0.8413375894855184
5,57593.74662037037,57593.74912037037,0,16,3.49056339263916,0.0037312047058143,-0.0055888220667839,-3.912790298461914,0.9089191198846912,0.9089364324906326,0.8261654383087983
5,57593.74662037037,57593.74912037037,0,18,420.7338333129883,0.0091363357969528,0.0082423835992813,-3.689321994781494,0.9284314048556154,0.9284119563600932,0.8619487607123755
5,57593.74662037037,57593.74912037037,0,19,3.56146502494812,-0.0064897125140139,-0.0127468928694725,-3.49232816696167,0.9197026641110608,0.9197050340641848,0.8458573496830031
5,57593.74662037037,57593.74912037037,0,20,3.9504237174987793,0.0041937932396143,-0.0011835927143692,-3.751268148422241,0.9168602490170816,0.9168758468343724,0.8406613185082473
5,57593.74662037037,57593.74912037037,0,24,3.829418659210205,0.0090121601913432,0.005751222372055,-3.7056846618652335,0.9194528758737937,0.9194339672907896,0.845358820208081
5,57593.74662037037,57593.74912037037,0,25,3.729004859924317,0.0032356840727216,-0.0012098345905542,-3.7817792892456055,0.9130892014873284,0.913108554120316,0.833767231607694
5,57593.74662037037,57593.74912037037,0,26,4.35264778137207,0.0002152324401886,-0.0045078247785568,-3.5324690341949463,0.9115297331615344,0.9115547508078814,0.8309320637204188
5,57593.74662037037,57593.74912037037,0,29,3.65010404586792,0.0010837873043799,-0.0005549490451812,-3.4199378490448,0.914977227361654,0.9150017232455808,0.8372281535423828
5,57593.74662037037,57593.74912037037,0,31,3.91576886177063,0.0061729572672438,0.0015482380986213,-3.772764205932617,0.9208726830215744,0.9208772921317934,0.8480149871639843
5,57593.74662037037,57593.74912037037,0,32,4.038734436035156,0.0166754170386428,0.0147113725543022,-3.782248497009277,0.9176659968368376,0.917539682688896,0.84187906930884
5,57593.74662037037,57593.74912037037,0,36,3.6307106018066406,0.008881831074461,-0.0005277246236801,-4.082187175750732,0.9171558787822623,0.9171380679417768,0.8411422356679753
5,57593.74662037037,57593.74912037037,0,38,4.123915195465088,-0.0064783978998753,-0.0106853991746902,-3.785600185394287,0.9177273343920485,0.917729680734968,0.8422277669019063
5,57593.74662037037,57593.74912037037,0,40,3.8428242206573486,0.0124275242512442,0.0082219094038009,-3.592439651489258,0.9229965717169986,0.9229382596176128,0.8518150310659879
5,57593.74662037037,57593.74912037037,0,43,3.41593599319458,0.0048194278324288,0.0041926801204681,-4.061347484588623,0.9201577995098976,0.9201704580366976,0.846713671843466
5,57593.74662037037,57593.74912037037,0,48,3.361238956451416,0.0085925764547006,0.0036863051354885,-4.01713752746582,0.909819914533388,0.9098043333304352,0.8277439249468377
5,57593.74662037037,57593.74912037037,0,61,3.5454864501953125,-0.0059592834186412,-0.0097885522991418,-3.4729952812194824,0.9209994640954186,0.9210054869591416,0.8482511070088457
5,57593.74662037037,57593.74912037037,0,66,3.839808464050293,-0.0037256530263962,-0.0058458046987652,-4.214658260345459,0.9346438233913514,0.934662075693267,0.8735931957392464
5,57593.74662037037,57593.74912037037,0,67,6.123006820678711,0.008673087694416,0.0040276274085044,-7.066093444824219,1.0586906328104704,1.0586841911728402,1.1208122166392906
5,57593.74662037037,57593.74912037037,0,68,4.544243335723877,0.0074285424980181,0.000848758034408,-4.529092788696289,0.9862018710330148,0.986200986780819,0.9725923863274611
5,57593.74662037037,57593.74912037037,0,70,3.9318456649780273,0.0015244776490503,-0.0039616264402866,-3.591594219207764,0.9266864985234724,0.9267107040102912,0.8587927289272498
5,57593.74662037037,57593.74912037037,0,74,3.774163722991944,0.0055631685352137,0.0011377930641174,-4.082775115966797,0.9261458390201696,0.926154574618461,0.8577622960867024
5,57593.74662037037,57593.74912037037,0,75,4.576603889465332,-0.0041776901177785,-0.0066898390650749,-3.914978504180908,0.9627489257361166,0.9627663114822176,0.9269189705250748
5,57593.74662037037,57593.74912037037,0,78,3.8823745250701904,0.004353941870843,0.0040766447782516,-3.4483914375305176,0.9214332767751136,0.9214483049908392,0.8490669787704908
5,57593.74662037037,57593.74912037037,0,81,4.657281875610352,-0.0063909017337117,-0.0075619192793965,-3.8413567543029785,0.9235583360246952,0.9235615965817884,0.8529660226807022
5,57593.74662037037,57593.74912037037,0,83,3.88955307006836,-0.0073333960521843,-0.0111570693552494,-4.290027618408203,0.9166726985645288,0.9166685480009036,0.840281226894085
5,57593.74662037037,57593.74912037037,0,84,3.568559169769287,-0.0089421582074866,-0.0107377059757709,-3.836644172668457,0.9225143214177464,0.922496324784015,0.8509994692400149
5,57593.74662037037,57593.74912037037,0,86,3.8172764778137207,-0.0131137455300334,-0.0140308290719985,-3.6008236408233643,0.9212630015244264,0.9211949706979258,0.8486001740391523
5,57593.74662037037,57593.74912037037,0,87,4.026846885681152,0.0046754745520896,0.0005869418382644,-3.9117493629455566,0.9273246680388998,0.927338358014196,0.859956430244465
5,57593.74662037037,57593.74912037037,0,88,3.605481147766113,0.0031732205452991,0.0020860284566879,-3.965322971343994,0.920166030944293,0.9201858396322514,0.8467419794597115
5,57593.74662037037,57593.74912037037,0,89,4.048328876495361,-0.0109221793398526,-0.0140183195471763,-3.445810556411743,0.9187873042183254,0.9187476233210112,0.844097195358007
5,57593.74662037037,57593.74912037037,0,90,4.272025108337402,-0.012856189781892,-0.0258425585925579,-3.478702545166016,0.9241730530175,0.9241090152937008,0.8539774721470933
5,57593.74662037037,57593.74912037037,0,95,3.3310375213623047,-0.0015844355690917,-0.0017410032451152,-3.4070963859558105,0.9106529175466708,0.910676558104545,0.8293317934811407
5,57593.74662037037,57593.74912037037,0,100,3.843905448913574,0.0014635895073905,-0.001948095858097,-3.50615668296814,0.9195747185124163,0.919598817842435,0.8456619857772041
5,57593.74662037037,57593.74912037037,0,101,3.482024669647217,0.0077608212384977,0.0059704631567001,-3.924758911132813,0.927519010316441,0.9275120226737756,0.8602785522043986
5,57593.74662037037,57593.74912037037,0,102,3.755651473999024,0.003018905072125,0.0008683577179908,-3.727647066116333,0.9311312151523552,0.93115190265396,0.8670438658160899
5,57593.74662037037,57593.74912037037,0,105,3.430387258529663,0.0011471583958776,0.0010045254603028,-3.945833206176758,0.9230239966321112,0.9230486426001104,0.8520187966059064
5,57593.74662037037,57593.74912037037,0,113,3.628037452697754,0.0041028208978433,-0.0050448700785636,-4.086184501647949,0.9228460539769144,0.9228622874081438,0.8516748015201914
5,57593.74662037037,57593.74912037037,0,115,3.519233226776123,-0.0036638024343679,-0.0091881453990936,-3.897232055664064,0.9118466377254906,0.9118643286733102,0.8314965539068269
5,57593.74662037037,57593.74912037037,0,117,4.103081226348877,0.0047633943434006,9.045563638210297e-05,-3.862147808074951,0.9148598900134798,0.9148726233725982,0.8369919169966599
5,57593.74662037037,57593.74912037037,0,122,380.7971477508545,-0.0036629296481036,-0.0123780220746994,-3.4303948879241943,0.9048214793333847,0.9048389236573292,0.8187334777653538
5,57593.74662037037,57593.74912037037,0,125,3.891480207443237,-0.0024232686268534,-0.0025662332773208,-3.4647841453552246,0.9231362827883784,0.9231584640403692,0.8522215497293736
5,57593.74662037037,57593.74912037037,0,126,3.855503797531128,-0.0016251235233701,-0.0070535540580749,-4.921513557434082,0.9106783406897356,0.9107019102829546,0.8293779693930226
6,57593.74930555555,57593.75180555556,0,1,3.592191219329834,-0.0039661770695717,-0.0054462403059005,-3.850395202636719,0.923993417117468,0.9240102900562984,0.853795016129925
6,57593.74930555555,57593.75180555556,0,8,3.6919798851013184,0.0021482972702354,0.00030367821455,-4.08622932434082,0.9165001406170488,0.9165228023283828,0.8400140471878721
6,57593.74930555555,57593.75180555556,0,9,3.728837013244629,-0.0086825200476795,-0.0104041919112205,-3.493883848190308,0.9094225593104668,0.9094060951287416,0.827019445857306
6,57593.74930555555,57593.75180555556,0,21,3.556878089904785,-0.0115971220746779,-0.0174527894705533,-3.536166191101074,0.9084314635178902,0.908382391425406,0.8251585690517392
6,57593.74930555555,57593.75180555556,0,22,3.915737628936768,-0.0034633409818327,-0.009694255888462,-3.477689266204834,0.9136037595300404,0.9136222948500444,0.8347056976470616
6,57593.74930555555,57593.75180555556,0,23,3.325934171676636,0.0023695965673887,-0.0002283975481986,-3.685496330261232,0.9120636368641608,0.9120856163226144,0.8319001715026033
6,57593.74930555555,57593.75180555556,0,26,3.3421664237976074,0.0085491386069506,0.0065632537007331,-3.7907347679138175,0.9132836237401404,0.913268699276382,0.8340597170779747
6,57593.74930555555,57593.75180555556,0,27,3.730002403259277,0.0047987747029657,0.0025502443313598,-3.9398560523986816,0.9143626025571494,0.9143751305023624,0.8360818792812126
6,57593.74930555555,57593.75180555556,0,29,3.4396519660949707,0.0011875395941967,-4.142522811889648e-05,-3.553177833557129,0.9157992688066264,0.9158236591865424,0.8387329747258282
6,57593.74930555555,57593.75180555556,0,32,3.366209030151367,0.0011168747004326,0.0005434863269329,-3.939309597015381,0.9192634325274458,0.9192880095562752,0.8450904445139386
6,57593.74930555555,57593.75180555556,0,34,3.6248764991760254,0.0021173863964933,-0.0077257268130779,-3.771785497665405,0.9140453631251172,0.9140680227624778,0.8355203502369055
6,57593.74930555555,57593.75180555556,0,36,3.514364719390869,0.0119839236107501,0.0114384219050407,-4.213413238525391,0.9080909040790816,0.9080367721271156,0.8245307795350311
6,57593.74930555555,57593.75180555556,0,37,3.859866857528688,0.0008485696432027,-0.0012825056910514,-3.476283550262451,0.918586289012256,0.9186111339835368,0.8438464154785192
6,57593.74930555555,57593.75180555556,0,40,5.03394889831543,0.0003036575969359,-0.0028236620128154,-3.667184829711914,0.9146936338368036,0.9147187134132476,0.836710324668387
6,57593.74930555555,57593.75180555556,0,41,3.8187220096588135,-0.0007748965777016,-0.0040028095245361,-3.642479419708252,0.9116217501462848,0.9116464663841198,0.8310992796706522
6,57593.74930555555,57593.75180555556,0,42,4.174050331115723,0.0009251305405152,-0.0042944587767124,-5.084438800811768,0.9160343349138698,0.9160590345579052,0.8391641547951614
6,57593.74930555555,57593.75180555556,0,44,3.52146315574646,0.003064556822672,-0.000136874616146,-4.201847553253174,0.9120712138748558,0.9120911232016252,0.8319102170232021
6,57593.74930555555,57593.75180555556,0,45,444.6378707885742,-0.0083650845453362,-0.0093172155320644,-3.8019492626190186,0.9173021083565096,0.9172891666164128,0.8414194151918332
6,57593.74930555555,57593.75180555556,0,48,4.119800090789795,0.0041819445483365,-0.0027436837553977,-3.674211025238037,0.90733398002438,0.9073492701048128,0.8232826979597367
6,57593.74930555555,57593.75180555556,0,50,3.367969512939453,0.0124868451386298,0.0096941217780113,-3.704277515411377,0.9055132913765368,0.9054520671472456,0.8198434459012202
6,57593.74930555555,57593.75180555556,0,55,3.4164159297943115,0.0075413154439673,0.0034021437168121,-3.509413719177246,0.9201831573770912,0.9201775345696178,0.8467266951266202
6,57593.74930555555,57593.75180555556,0,56,3.8078746795654297,-0.0059608579679791,-0.0134508088231086,-3.8446240425109854,0.9264132352495736,0.9264195093919362,0.8582531073819957
6,57593.74930555555,57593.75180555556,0,59,4.143763542175293,0.0010607804688574,-0.0005679912865161,-4.395440578460693,0.9186493279481146,0.9186739541391408,0.8439618340136443
6,57593.74930555555,57593.75180555556,0,61,3.619302272796631,-0.0009541432862937,-0.0055898055434226,-3.461750030517578,0.9156928158385615,0.9157174761533576,0.8385384961326748
6,57593.74930555555,57593.75180555556,0,62,3.6612086296081534,0.0072697750310117,0.0012035081163048,-4.271681785583496,0.9174560775985476,0.9174524799645548,0.8417190529931121
6,57593.74930555555,57593.75180555556,0,66,4.093329906463623,-0.0026036805330882,-0.0026641562581062,-4.238747596740723,0.9263513160042476,0.9263731070960404,0.8581671335507721
6,57593.74930555555,57593.75180555556,0,67,6.643494606018066,0.0193962009737631,0.0142895719036459,-6.113701820373535,1.039382165864701,1.039229721802447,1.0799984146775925
6,57593.74930555555,57593.75180555556,0,70,3.602214813232422,-0.0094347686703306,-0.0132487826049327,-374.21679496765137,0.9173069158473264,0.9172835953378156,0.8414091942758696
6,57593.74930555555,57593.75180555556,0,78,3.8023972511291504,-0.0073818320879241,-0.0147033780813217,-3.6639673709869385,0.9189501269591172,0.9189457238393386,0.8444612433626059
6,57593.74930555555,57593.75180555556,0,79,3.593957901000977,-0.0052876053800662,-0.0079719200730323,-3.576135873794556,0.9167296014867408,0.9167395376664028,0.8404113799208102
6,57593.74930555555,57593.75180555556,0,84,3.719115495681762,0.0113527627282643,0.0051129609346389,-399.4405746459961,0.917143552249629,0.917098480441508,0.841069622828123
6,57593.74930555555,57593.75180555556,0,87,4.239194869995117,-0.0030128416803583,-0.0032961517572402,-4.41313362121582,0.9177481475705046,0.9177684159479024,0.8422988653115221
6,57593.74930555555,57593.75180555556,0,89,3.748624086380005,-0.0099866029875516,-0.0132877826690673,-3.737666368484497,0.9208897511902716,0.9208608983875624,0.8479847941791484
6,57593.74930555555,57593.75180555556,0,91,3.5883355140686035,0.0004350795303113,-0.0023806691169738,-3.541925430297852,0.909401445752654,0.9094263262593156,0.827056242893515
6,57593.74930555555,57593.75180555556,0,92,3.329653263092041,-0.0049418378169494,-0.0108511447906494,-3.836772918701172,0.9114443152040744,0.91145595816204,0.8307519636690822
6,57593.74930555555,57593.75180555556,0,93,3.642016649246216,-0.0056652034918398,-0.0080366693437099,-3.4543566703796387,0.9144361695762244,0.914443743025193,0.8362073591579252
6,57593.74930555555,57593.75180555556,0,96,4.107505798339844,-0.0020952579800223,-0.0128627121448516,-3.745051860809326,0.9166172917688076,0.916640079799105,0.8402290358941096
6,57593.74930555555,57593.75180555556,0,100,3.5112948417663574,-0.0030591291127275,-0.0043587461113929,-4.381283760070801,0.908745718601154,0.9087655360115198,0.8258547994423049
6,57593.74930555555,57593.75180555556,0,101,3.672728538513184,-0.0111864827730396,-0.0199166536331176,-4.038599014282227,0.9066306196347936,0.9065865112353388,0.8218991023538632
6,57593.74930555555,57593.75180555556,0,103,3.712615013122559,-0.0003750166475547,-0.0057421028614044,-353.3501386642456,0.907089679994427,0.9071145235441448,0.8228567588247211
6,57593.74930555555,57593.75180555556,0,104,4.179461479187012,0.0013690216536889,0.0004641599953174,-4.245415687561035,0.9315076327728192,0.9315322186538229,0.8677522743901134
6,57593.74930555555,57593.75180555556,0,112,3.842543840408325,0.0002777991313385,-0.005268320441246,-3.889564514160156,0.9111165620913164,0.9111415514460312,0.8301789267714806
6,57593.74930555555,57593.75180555556,0,116,4.463719844818115,-0.0009947960327922,-0.0048781856894493,-4.326719284057617,0.9175858006011788,0.9176104707746088,0.8420089760751989
6,57593.74930555555,57593.75180555556,0,122,3.725620746612549,-0.0015040527232462,-0.0061329994350671,-3.750701427459717,0.9071971931698584,0.907220870368442,0.8230497076320733
6,57593.74930555555,57593.75180555556,0,123,335.27064323425293,-0.0012279807879579,-0.0038776993751525,-3.889973640441896,0.9174261009727068,0.917450484172063,0.8417153909075528
6,57593.74930555555,57593.75180555556,0,124,4.034297943115234,0.0085417004832282,-0.0011586174368858,-3.5785670280456543,0.9206026069889216,0.9205882708000876,0.8474827643346956
6,57593.74930555555,57593.75180555556,0,125,3.5468101501464844,-0.0009480208338105,-0.0017309859395027,-4.118373870849609,0.908275410015611,0.9082998688985991,0.8250086518412124
7,57593.75199074074,57593.754583333335,0,0,4.337701797485352,0.0004225839897792,-0.0011384263634681,-3.7129464149475098,0.9077356564145715,0.9077596368747506,0.824027558338979
7,57593.75199074074,57593.754583333335,0,6,3.638904571533203,-0.0077382636701178,-0.0123086441308259,-4.380107879638672,0.9127646651599034,0.9127560740860524,0.8331236507809834
7,57593.75199074074,57593.754583333335,0,7,3.8209457397460938,0.0025257447594406,-0.0004002302885055,-3.4045827388763428,0.9146510025423354,0.9146717773745896,0.836624460325591
7,57593.75199074074,57593.754583333335,0,10,3.7784183025360094,-0.0110091377983971,-0.0131395012140274,-3.566346406936645,0.9022897110975336,0.9022464781007484,0.8140487072452044
7,57593.75199074074,57593.754583333335,0,18,3.5892720222473145,-0.0054349400339752,-0.0124341621994972,-3.7722206115722656,0.9145808526495378,0.9145889637886444,0.8364729726839865
7,57593.75199074074,57593.754583333335,0,29,3.602722644805908,-0.0016281106846718,-0.0080454275012016,-4.1896820068359375,0.9071174609641248,0.9071400622715609,0.8229030925780512
7,57593.75199074074,57593.754583333335,0,30,3.629471778869629,0.0030335822099923,-0.0054415948688983,-4.003232955932617,0.9084497081550232,0.9084687407605496,0.8253154529390585
7,57593.75199074074,57593.754583333335,0,31,3.899678230285645,-0.0107204236297199,-0.0156287606805562,-3.6405065059661865,0.9097790733473544,0.9097400402073452,0.8276269407564619
7,57593.75199074074,57593.754583333335,0,36,4.541123867034912,0.0049172245828677,0.0025559663772583,-4.084127426147461,0.9227053978084068,0.922716771001214,0.8514062394869067
7,57593.75199074074,57593.754583333335,0,37,3.744817733764648,-0.0129127099331893,-0.013702169060707,-4.069728851318359,0.9149696069769176,0.914902754008679,0.8370470492926655
7,57593.75199074074,57593.754583333335,0,38,3.815554618835449,0.0037331127711332,0.0017670840024948,-3.881949424743652,0.911101225480175,0.9111177453883244,0.8301355459615036
7,57593.75199074074,57593.754583333335,0,43,3.9039902687072754,0.0006537445093596,-0.0048362761735916,-3.654473304748535,0.914688480384758,0.9147125100162656,0.8366989759802568
7,57593.75199074074,57593.754583333335,0,44,3.7595760822296143,0.0094702758630169,0.0038202181458473,-3.550952434539795,0.9219588907809824,0.921934705427879,0.8499636010723901
7,57593.75199074074,57593.754583333335,0,48,4.17448616027832,-0.0057648678317627,-0.0062898127362132,-3.8473830223083496,0.9224046810096804,0.9224111335895434,0.8508422993699465
7,57593.75199074074,57593.754583333335,0,49,3.8087334632873535,0.0009328778759411,-0.0055692251771688,-3.862703561782837,0.9102008338843188,0.9102245000303926,0.828508640455578
7,57593.75199074074,57593.754583333335,0,56,4.064145088195801,-0.0032192978948423,-0.0076145455241203,-4.043412685394287,0.9132250237822304,0.9132435737240948,0.8340138249483563
7,57593.75199074074,57593.754583333335,0,57,4.718658924102783,0.010125698453848,0.0031292857602238,-3.6849265098571777,0.9176513703591024,0.9176198437133352,0.8420261775764859
7,57593.75199074074,57593.754583333335,0,58,3.643239974975586,0.0050862600786774,-0.0045697093009948,-3.6253604888916016,0.9185145947822848,0.9185248765100616,0.8436879487678237
7,57593.75199074074,57593.754583333335,0,61,4.080669403076172,-0.002584891193114,-0.0056161507964134,-3.9395670890808105,0.918295364979116,0.918316085732658,0.8433044333153507
7,57593.75199074074,57593.754583333335,0,62,3.590198040008545,0.0123551601040564,0.0066864266991615,-3.799503326416016,0.924448920940262,0.9243908745391404,0.8544984889312369
7,57593.75199074074,57593.754583333335,0,63,3.5711801052093506,0.0079082848701072,0.0030629187822341,-4.788398742675781,0.9218061730697716,0.9217967005521368,0.8497091571488058
7,57593.75199074074,57593.754583333335,0,66,4.098161220550537,0.0075271521090709,0.0024309083819389,-3.751065492630005,0.9306058738298266,0.9306001165439756,0.8660165769116611
7,57593.75199074074,57593.754583333335,0,69,3.948402166366577,-0.0055432395165939,-0.0076437890529632,-3.414466381072998,0.9203819756646736,0.9203896965569608,0.8471171935282146
7,57593.75199074074,57593.754583333335,0,71,4.455013751983643,0.0080319495921069,0.0050808233208954,-3.5175509452819824,0.9227155348430706,0.9227050516383344,0.8513846123189012
7,57593.75199074074,57593.754583333335,0,75,4.165985107421875,0.0059853089672441,0.0059426538646221,-4.463116645812988,0.9498034986803224,0.9498098341247164,0.9021387210000216
7,57593.75199074074,57593.754583333335,0,76,6.628409385681152,-0.0066664479332494,-0.0125243887305259,-6.091371059417725,1.0210310087105203,1.0210363289647038,1.0425151850657186
7,57593.75199074074,57593.754583333335,0,81,3.468959093093872,0.0045883292013863,-0.0040448531508445,-356.20875358581543,0.9200645314129352,0.920077495986564,0.8465425986209055
7,57593.75199074074,57593.754583333335,0,82,3.979661703109741,0.0028298639495726,0.0025604330003261,-3.638364791870117,0.9142445645889148,0.9142644363029194,0.835879459488295
7,57593.75199074074,57593.754583333335,0,86,3.6500673294067374,0.0040283543819596,-0.0016265511512756,-3.57063627243042,0.9145735045001432,0.9145888927336432,0.8364728427117513
7,57593.75199074074,57593.754583333335,0,91,3.911259651184082,0.0014662585724688,-0.001376487314701,-3.90773344039917,0.9126242960733268,0.9126473266707966,0.8329251428793517
7,57593.75199074074,57593.754583333335,0,92,4.238024711608887,0.0076786513455133,-0.0005506724119186,-3.602414131164551,0.9138467629306511,0.913838742276636,0.835101246885744
7,57593.75199074074,57593.754583333335,0,95,3.81097149848938,-0.0045879440491065,-0.0065984204411506,-3.5923409461975098,0.9167869729984504,0.9167998116546427,0.8405218946499885
7,57593.75199074074,57593.754583333335,0,97,3.6900205612182617,-0.0042624320151575,-0.0046965032815933,-4.767541885375977,0.9110578162984888,0.9110720119243718,0.8300522109119227
7,57593.75199074074,57593.754583333335,0,98,3.73511815071106,-0.0042594698720194,-0.0122626312077045,-4.054774284362793,0.9169087546302782,0.9169231828547558,0.840748123256496
7,57593.75199074074,57593.754583333335,0,101,3.412999629974365,-2.478137523410456e-05,-0.010026472620666,-3.96547269821167,0.9115212301085844,0.9115454090157112,0.8309150326976206
7,57593.75199074074,57593.754583333335,0,103,3.5287926197052,0.0015508540613028,0.0001157894730567,-4.511568069458008,0.9137435656658448,0.9137664877283276,0.8349691940953639
7,57593.75199074074,57593.754583333335,0,107,3.397780179977417,-0.0026835055547996,-0.0043889246881008,-3.7481374740600586,0.916229680802322,0.916250055029434,0.839514163341441
7,57593.75199074074,57593.754583333335,0,117,3.814097881317138,0.0006265033332912,-0.0010048002004623,-3.47373104095459,0.9143688260686538,0.9143928662105472,0.8361143137767397
7,57593.75199074074,57593.754583333335,0,120,3.4101786613464355,-0.0018898951424537,-0.0018960125744342,-5.021829128265381,0.913718232488924,0.9137405154686796,0.8349217296089684
7,57593.75199074074,57593.754583333335,0,121,3.60747504234314,0.0020257041132724,-0.0040346458554267,-3.5871405601501465,0.9145764745005216,0.9145984913508218,0.8364904003811994
7,57593.75199074074,57593.754583333335,0,126,3.70512580871582,-0.0021474884495889,-0.0021697916090488,-4.169958591461182,0.9076111639000236,0.9076326987796725,0.8237971158940715
8,57593.75476851852,57593.75726851852,0,0,3.5170722007751465,0.001365456025546,-0.0032720528542995,-3.540569305419922,0.9019794652674308,0.9020032123716888,0.8136097951288461
8,57593.75476851852,57593.75726851852,0,2,3.3143510818481445,0.0064552961575419,-0.0017640963196754,-354.49390411376964,0.903293872922518,0.9032956227298168,0.8159429820428472
8,57593.75476851852,57593.75726851852,0,3,4.2275896072387695,-0.0101244156068743,-0.0153735633939504,-4.146267890930176,0.898568522783247,0.8985361691012973,0.8073672471832352
8,57593.75476851852,57593.75726851852,0,4,3.486610412597656,-0.0059439336052062,-0.0149296671152114,-3.529313802719116,0.90633970257206,0.9063451116196434,0.8214614613568239
8,57593.75476851852,57593.75726851852,0,5,3.8176209926605225,0.0049885461416996,0.0019899755716323,-3.7018213272094727,0.9057735348434852,0.905784682071164,0.8204458902747598
8,57593.75476851852,57593.75726851852,0,6,3.6180105209350586,-0.0009263427049346,-0.0021727308630943,-3.688683032989502,0.9154851507541912,0.9155098338041032,0.8381582557920167
8,57593.75476851852,57593.75726851852,0,7,3.733229875564575,6.267327104009959e-05,-0.0065812617540359,-3.957228183746338,0.907137635260886,0.9071625554864308,0.8229439020766713
8,57593.75476851852,57593.75726851852,0,9,3.938776969909668,-0.0059893431984256,-0.0150510296225547,-3.5607597827911377,0.9096761524200836,0.9096814267632924,0.8275202981980991
8,57593.75476851852,57593.75726851852,0,11,3.88326644897461,-0.0205133724701463,-0.0210922062397003,-4.09567928314209,0.906613156583734,0.9064059568129677,0.8215717585460314
8,57593.75476851852,57593.75726851852,0,14,4.126692295074463,-0.0027380642653084,-0.0094184353947639,-3.423257350921631,0.9085445265646797,0.9085653616575724,0.8254910164039553
8,57593.75476851852,57593.75726851852,0,15,3.903263807296753,-0.0049448132498066,-0.0078633651137351,-3.5570731163024902,0.8998037060809011,0.8998148395545901,0.8096667454826527
8,57593.75476851852,57593.75726851852,0,16,3.911203861236572,0.0014782987472826,0.0007225163280963,-4.16546106338501,0.9149525476648608,0.9149764904744856,0.8371819781210067
8,57593.75476851852,57593.75726851852,0,19,3.6712725162506095,0.0012880405542379,-0.0075658597052097,-3.6082956790924072,0.908928150281604,0.908952209198642,0.8261941186070919
8,57593.75476851852,57593.75726851852,0,20,3.7729201316833496,-0.0111022942545977,-0.0124810859560966,-3.829373836517334,0.908277337531982,0.9082344325949058,0.8248897845509904
8,57593.75476851852,57593.75726851852,0,22,3.7194066047668457,-0.0037028297632011,-0.0046041682362556,-3.753023386001587,0.9096505554120164,0.9096680102214204,0.827495888820198
8,57593.75476851852,57593.75726851852,0,23,3.458420753479004,-0.0155148116782676,-0.0204435586929321,-4.604058265686035,0.9019571377015088,0.9018484669648956,0.8133306573669322
8,57593.75476851852,57593.75726851852,0,29,3.7292113304138175,-0.0039632932514535,-0.0068486370146274,-3.6001763343811035,0.908961895625712,0.9089782273994116,0.8262414178861761
8,57593.75476851852,57593.75726851852,0,33,4.085068702697754,0.0028359156254433,-0.0052405074238777,-3.722835540771485,0.9132583072665388,0.9132789945378686,0.8340785218641003
8,57593.75476851852,57593.75726851852,0,35,4.20589542388916,0.0031808611074882,-0.003118596971035,-3.653873920440674,0.9097635774080608,0.9097830110551692,0.8277051272046101
8,57593.75476851852,57593.75726851852,0,36,3.824130535125733,0.0049976658912191,0.0048937201499938,-3.552085399627685,0.9116100574228072,0.9116214030038926,0.8310535824147856
8,57593.75476851852,57593.75726851852,0,37,4.774176120758057,-0.0015083174868538,-0.0047612860798835,-3.28603458404541,0.9062319184885445,0.906255560751061,0.8212991413922199
8,57593.75476851852,57593.75726851852,0,39,3.948674917221069,0.0009872668079397,0.0001353770494461,-3.695590972900391,0.9084937936405308,0.9085182168398862,0.8254053503299266
8,57593.75476851852,57593.75726851852,0,41,3.855791330337525,0.0005132928354522,-0.0070787221193313,-3.7775144577026367,0.9097669812045308,0.9097918310283613,0.827721175805938
8,57593.75476851852,57593.75726851852,0,42,3.831745147705078,-0.0033625900310944,-0.0088314563035964,-3.927826404571533,0.9144137974745608,0.9144327369213266,0.8361872303534282
8,57593.75476851852,57593.75726851852,0,44,4.276837348937988,-0.0073096562699404,-0.0091252103447914,-4.122281074523926,0.9164686873370048,0.9164647143028122,0.8399075725621352
8,57593.75476851852,57593.75726851852,0,48,3.631118059158325,0.0057172197572103,0.0003800243139266,-3.6535801887512207,0.9127515842352284,0.912758754664004,0.8331285442157835
8,57593.75476851852,57593.75726851852,0,51,3.5336265563964844,0.0045470663633422,-0.00018772482872,-4.217022895812988,0.906743448824768,0.9067569588637636,0.8222081824478611
8,57593.75476851852,57593.75726851852,0,52,3.458653688430786,-0.0091427312324662,-0.0197047404944896,-3.966132164001465,0.9155841603758922,0.9155636642331532,0.8382568232640383
8,57593.75476851852,57593.75726851852,0,53,4.030971527099609,0.0007793416901604,-0.0092110675759613,-4.076156139373779,0.9115584150671652,0.9115831257524224,0.830983795156557
8,57593.75476851852,57593.75726851852,0,55,3.960411548614502,-0.0056127900699317,-0.0072508975863456,-3.602303981781006,0.916372886885433,0.9163808731803555,0.8397539047307911
8,57593.75476851852,57593.75726851852,0,57,4.002341270446777,0.006842348466443,0.0056058317422866,-4.027589797973633,0.9161613882220404,0.9161610064408084,0.8393509897226351
8,57593.75476851852,57593.75726851852,0,58,3.5577139854431152,-0.0057504778564651,-0.0061469040811061,-3.6171257495880127,0.908102601058138,0.9081093420858412,0.8246625771835793
8,57593.75476851852,57593.75726851852,0,62,3.6229593753814697,-0.0045267783813587,-0.0084355305880308,-4.1236772537231445,0.9109526268522018,0.91096640626224,0.8298597933383406
8,57593.75476851852,57593.75726851852,0,63,3.788609981536865,-0.0060145858966151,-0.0108431093394756,-3.979731798171997,0.9131618462057836,0.9131671256599942,0.8338741993861358
8,57593.75476851852,57593.75726851852,0,64,3.635509490966797,0.0071972245364552,0.0062014460563659,-4.000530242919922,0.9068294416136076,0.9068257932310584,0.8223330192691384
8,57593.75476851852,57593.75726851852,0,66,4.000344276428223,-0.0195997558087736,-0.0245735123753547,-3.9940223693847656,0.9178207914371028,0.9176367046066046,0.8420571216412689
8,57593.75476851852,57593.75726851852,0,74,4.084100723266602,0.0032628118288242,-0.000221811234951,-3.4363656044006348,0.9156291121504718,0.9156484541978228,0.8384120916748624
8,57593.75476851852,57593.75726851852,0,77,4.500275611877441,0.0024579191430226,-0.0017407052218914,-3.384550094604492,0.9176505030761284,0.9176724224395062,0.8421226749059915
8,57593.75476851852,57593.75726851852,0,78,3.847936630249024,0.0039134338884972,0.0017255134880542,-3.761276245117188,0.9111402228971168,0.9111568506984924,0.8302068065747946
8,57593.75476851852,57593.75726851852,0,80,4.164483547210693,-0.0021750785871204,-0.0028635337948799,-3.8310627937316895,0.91698171564217,0.9170043287704248,0.8408969389836976
8,57593.75476851852,57593.75726851852,0,81,3.679923295974731,-0.0107839846861251,-0.0150219090282917,-3.8801584243774414,0.9136240918932488,0.91358554400933,0.8346385462228233
8,57593.75476851852,57593.75726851852,0,85,3.8845136165618896,-0.003659285364345,-0.0071979947388172,-3.6007723808288574,0.910325427990154,0.9103430830136708,0.8287245287908351
8,57593.75476851852,57593.75726851852,0,86,3.3021812438964844,-0.004643618949474,-0.0063020959496498,-3.760284900665283,0.9154844755191752,0.915497849896676,0.8381363131654368
8,57593.75476851852,57593.75726851852,0,88,354.46152687072754,-0.0004786302559691,-0.0013337805867195,-3.433976650238037,0.917847958161112,0.9178730500043846,0.8424909359243514
8,57593.75476851852,57593.75726851852,0,94,3.579080581665039,0.0085925626725593,0.0011481163091957,-3.733732223510742,0.9244332933988636,0.9244187552779366,0.8545500351096096
8,57593.75476851852,57593.75726851852,0,97,3.4217119216918945,0.0089238061309167,0.0079655312001705,-3.959781169891357,0.9169823741866042,0.9169641428824304,0.8408232393321103
8,57593.75476851852,57593.75726851852,0,98,3.932630062103272,0.0037315801021919,-0.0006699785590171,-4.114874839782715,0.9170750968900264,0.9170927001562508,0.8410590206798828
8,57593.75476851852,57593.75726851852,0,99,3.39529800415039,-0.0037219773524103,-0.0051738768815994,-3.84711217880249,0.9146972886401304,0.9147148459690536,0.8367032494361892
8,57593.75476851852,57593.75726851852,0,101,3.654609680175781,-0.0037345532379574,-0.0088108032941818,-3.5689480304718018,0.9181848792500696,0.9182025100942282,0.8430958495433412
8,57593.75476851852,57593.75726851852,0,102,3.352588176727295,-0.0108837236636472,-0.0150530114769935,-3.730669021606445,0.910127406219188,0.910087330339192,0.8282589488439174
8,57593.75476851852,57593.75726851852,0,104,3.8124570846557617,0.0039428866761583,0.0016011521220207,-4.268737316131592,0.9160975963503328,0.9161142795336976,0.8392653731655461
8,57593.75476851852,57593.75726851852,0,106,3.9067516326904297,0.0105032811379622,0.0053978711366653,-3.73067855834961,0.9169619842866028,0.9169270183882896,0.8407551570504387
8,57593.75476851852,57593.75726851852,0,110,4.0755109786987305,-0.0005507454432414,-0.0037506539374589,-3.7242624759674072,0.9225094545500336,0.9225346348565636,0.8510701525099335
8,57593.75476851852,57593.75726851852,0,118,4.222434043884277,-0.0026698683229899,-0.0062313694506883,-4.009428024291992,0.9093897206468156,0.909410785574298,0.8270279769188619
8,57593.75476851852,57593.75726851852,0,124,3.531934261322021,-0.0002895047895835,-0.0130582675337791,-3.771548748016357,0.9190906741820486,0.919115879369518,0.8447739997092021
8,57593.75476851852,57593.75726851852,0,126,3.8046374320983887,-0.0177845261477774,-0.0198704004287719,-3.7155818939208975,0.9076653124335472,0.9075159954311232,0.8235852819633424
10,57593.75949074074,57593.76199074074,0,0,4.232979774475098,-0.006712200496109,-0.0110054397955536,-3.819056034088135,0.9039146601988308,0.9039199703991374,0.8170713128863775
10,57593.75949074074,57593.76199074074,0,6,3.5197157859802246,-0.0011037072524378,-0.0057136043906211,-3.6805903911590576,0.9019881246116064,0.9020176176598868,0.8136357825688179
10,57593.75949074074,57593.76199074074,0,10,4.321608543395996,0.0063451715449126,0.0006326101720333,-389.274263381958,0.9061740547833782,0.9061821471745376,0.8211660838578554
10,57593.75949074074,57593.76199074074,0,12,3.712490081787109,-0.0045087909005756,-0.0068283602595329,-3.562950134277344,0.8970003545714527,0.8970190238722885,0.8046431291887932
10,57593.75949074074,57593.76199074074,0,14,3.4260146617889404,-0.0094980131015555,-0.0126261860132217,-3.3405251502990723,0.8975072016383097,0.8974869599001372,0.8054828431907903
10,57593.75949074074,57593.76199074074,0,17,3.859143018722534,0.0070488214117777,0.0013191178441047,-3.2094480991363525,0.8954439400124584,0.8954461443998509,0.8018237975205588
10,57593.75949074074,57593.76199074074,0,20,3.5851168632507324,-0.0015306233340893,-0.0040400959551334,-3.913797855377197,0.9015601967641692,0.9015890514399963,0.8128628176764724
10,57593.75949074074,57593.76199074074,0,22,3.6908230781555176,-0.0001831333729809,-0.008114886470139,-3.778073072433472,0.9050572855444734,0.9050875380088808,0.8191834514589773
10,57593.75949074074,57593.76199074074,0,27,3.562450885772705,0.014014701726239,0.009878858923912,-3.584279537200928,0.9137960401996588,0.9137191232607972,0.8348826362124796
10,57593.75949074074,57593.76199074074,0,28,3.967220544815064,0.0037973452503029,0.0020793825387954,-3.99038028717041,0.9092856937654774,0.9093081766760917,0.8268413601699981
10,57593.75949074074,57593.76199074074,0,29,3.997125148773194,0.0004942705264832,-0.0018674805760383,-3.843694448471069,0.903454933929558,0.9034850161199716,0.8162851743533055
10,57593.75949074074,57593.76199074074,0,30,3.31502628326416,0.0060600918545434,0.003885094076395,-4.141402721405029,0.9020749936478654,0.902084808295731,0.8137570013579457
10,57593.75949074074,57593.76199074074,0,31,3.71640682220459,-0.0018692872164316,-0.0033752117305994,-3.452108383178711,0.918809701147782,0.918838530544586,0.8442642452133339
10,57593.75949074074,57593.76199074074,0,35,3.630230903625488,0.0024961340888699,-0.0019531548023223,-3.65741777420044,0.9135968645149432,0.9136240110312968,0.8347088335329154
10,57593.75949074074,57593.76199074074,0,36,4.127799987792969,-0.0148606762433904,-0.0170693658292293,-3.866531848907471,0.9169637693285198,0.9168740076277992,0.8406579458634614
10,57593.75949074074,57593.76199074074,0,37,3.9690170288085938,-0.007581089994867,-0.0086818039417266,-3.956110954284668,0.8979725389841425,0.897970569882721,0.8063511443754987
10,57593.75949074074,57593.76199074074,0,40,338.19284439086914,-0.0023119417470833,-0.0055817104876041,-3.6667284965515137,0.9121372173668004,0.9121647950831488,0.8320446133890829
10,57593.75949074074,57593.76199074074,0,54,5.016561508178711,0.009190358734973,0.0029528439044952,-4.366109848022461,0.9124173870443808,0.9124016163664136,0.8324767095480444
10,57593.75949074074,57593.76199074074,0,59,3.952301502227783,-0.0021837794253085,-0.0041093453764915,-3.802861452102661,0.9101463443939232,0.9101741656574258,0.8284170118301912
10,57593.75949074074,57593.76199074074,0,64,4.150057792663574,0.0100131388808472,0.0095739923417568,-3.954437255859375,0.9117035752398928,0.9116790784357314,0.8311587420574245
10,57593.75949074074,57593.76199074074,0,66,3.8902487754821777,0.0046745234792646,0.0004970114678144,-3.916239261627197,0.936109279608085,0.936128917447558,0.8763373500815369
10,57593.75949074074,57593.76199074074,0,67,6.323947906494141,0.0001966749190237,-0.0011834949254989,-6.694679260253906,1.0514856943912578,1.0515208445070752,1.1056960864328726
10,57593.75949074074,57593.76199074074,0,70,3.54756498336792,0.0198057646172923,0.0119816064834594,-4.287204265594482,0.90642149655177,0.906235397152366,0.8212625950519064
10,57593.75949074074,57593.76199074074,0,71,3.769300937652588,0.0078102368955815,0.0031351801007986,-3.34208607673645,0.9169097650794816,0.9169071669835588,0.8407187528658155
10,57593.75949074074,57593.76199074074,0,76,6.723779678344727,-0.001208873411709,-0.0155321285128593,-5.7163825035095215,1.0037690375426267,1.0038018821292676,1.00761821856626
10,57593.75949074074,57593.76199074074,0,82,3.417101621627808,0.0036834877977976,-0.0011165486648678,-4.040076732635498,0.9014056078886976,0.9014282303933736,0.8125728545501292
10,57593.75949074074,57593.76199074074,0,85,3.63869881629944,0.0083340565661002,0.006624162197113,-4.4846601486206055,0.90837505321157,0.9083672019098432,0.8251309735055179
10,57593.75949074074,57593.76199074074,0,88,3.675171375274658,0.0073230010256743,0.0052389800548553,-4.023661613464356,0.9220570813066477,0.9220588397209292,0.850192503907506
10,57593.75949074074,57593.76199074074,0,94,341.32518768310547,0.005980265678707,0.000139002688229,-4.447750091552734,0.9077436685897572,0.9077543293991364,0.8240179225428759
10,57593.75949074074,57593.76199074074,0,97,3.8784408569335938,-0.0011648401433608,-0.0110085271298885,-4.041331768035889,0.9066541580108952,0.9066837341137874,0.8220753937065212
10,57593.75949074074,57593.76199074074,0,99,4.059574604034424,0.0135780318649984,0.0108672101050615,-4.357419967651367,0.91322764113448,0.9131572361389908,0.8338561379130005
10,57593.75949074074,57593.76199074074,0,103,3.966282844543457,0.0038774079554106,-0.000169875100255,-4.229846954345703,0.9216922755184708,0.9217149467756632,0.8495584431096637
10,57593.75949074074,57593.76199074074,0,105,4.022770881652832,0.0047187233070553,0.0020052194595336,-3.6428744792938232,0.904307611296365,0.9043255454502368,0.8178046921538683
10,57593.75949074074,57593.76199074074,0,107,3.5263571739196777,-0.0040663618467947,-0.0117038711905479,-3.827694416046143,0.910329395632084,0.9103507605681808,0.8287385072670649
10,57593.75949074074,57593.76199074074,0,110,4.441065788269043,-0.0134101371962988,-0.0169240981340408,-4.000477313995361,0.9035881977692078,0.9035189010080736,0.816346404478837
10,57593.75949074074,57593.76199074074,0,111,3.939361572265625,0.0056016405022089,-0.001040369272232,-3.603461503982544,0.9164259311883172,0.916439461716132,0.8398612869905535
10,57593.75949074074,57593.76199074074,0,118,3.633299350738525,-0.000497002723661,-0.0051980968564748,-3.3987009525299072,0.900853394820147,0.9008833881044618,0.8115908789625743
10,57593.75949074074,57593.76199074074,0,119,3.691352605819702,-0.0039011929172362,-0.0159496814012527,-3.2657155990600586,0.9091609968610288,0.9091830348172496,0.8266137907995044
11,57593.76217592593,57593.76467592592,0,0,3.430358648300171,0.0016162084052748,-0.004728078842163,-3.267851591110229,0.9039962264474845,0.9040196177232778,0.8172514692285413
11,57593.76217592593,57593.76467592592,0,1,3.9155969619750977,-0.007063301494038,-0.0228715240955352,-4.254928112030029,0.9109750190951582,0.9109726628750638,0.8298711925056846
11,57593.76217592593,57593.76467592592,0,2,4.88315486907959,-0.0021866982997712,-0.003030240535736,-4.117486000061035,0.9174888992214768,0.9175115000888648,0.841827352795319
11,57593.76217592593,57593.76467592592,0,3,3.5748400688171387,0.002012709207055,-0.0052791200578212,-3.734410285949707,0.9015445386694312,0.9015670606337396,0.812823164819761
11,57593.76217592593,57593.76467592592,0,6,3.3495535850524902,0.001109822081494,-0.0012883059680461,-3.4022223949432373,0.8982688321415075,0.8982928252552069,0.8069299999049818
11,57593.76217592593,57593.76467592592,0,7,3.639899253845215,0.0022767205644081,-0.0019340328872203,-4.473275184631348,0.8964363763644831,0.8964581135224728,0.8036371493002709
11,57593.76217592593,57593.76467592592,0,9,4.331072807312012,0.0168868857877493,0.0108540803194046,-3.711604595184326,0.8995409983945905,0.8994071868542363,0.8089332877650511
11,57593.76217592593,57593.76467592592,0,12,4.214702606201172,0.0045360198666618,0.0027159005403518,-3.597222328186035,0.8918870998160663,0.8919000680285231,0.795485731349284
11,57593.76217592593,57593.76467592592,0,16,3.454009532928467,0.0075780907817246,0.0029785707592964,-4.002116680145264,0.9095033710344992,0.9094967862261772,0.8271844041557448
11,57593.76217592593,57593.76467592592,0,22,3.8828439712524414,0.0028554787133196,0.0012435801327228,-3.61274003982544,0.906434925373678,0.906455330615866,0.8216612664019189
11,57593.76217592593,57593.76467592592,0,23,3.854186534881592,0.0048733866145158,0.0024524927139282,-3.5748369693756104,0.9043589322824452,0.9043706470843844,0.8178862673078281
11,57593.76217592593,57593.76467592592,0,26,3.5564067363739014,-0.0004607666457573,-0.0045298859477043,-3.365314245223999,0.8920866836229665,0.8921110735116078,0.7958621674820332
11,57593.76217592593,57593.76467592592,0,28,3.7015841007232666,-0.0044938549726873,-0.010816229507327,-3.8095450401306152,0.8950051663470705,0.8950184731249581,0.8010580672349313
11,57593.76217592593,57593.76467592592,0,36,4.4735307693481445,0.0074802122417591,0.006039872765541,-4.003461837768555,0.9026771934980504,0.9026709988348672,0.8148149321375371
11,57593.76217592593,57593.76467592592,0,38,4.206796646118164,0.001299205086588,0.0010512694716453,-3.4789247512817383,0.912740368854738,0.9127645204953924,0.8331390698751837
11,57593.76217592593,57593.76467592592,0,41,4.158461570739746,0.0124939076291464,0.0112606100738048,-4.016826629638672,0.9191145628260802,0.919054890561592,0.8446618918651799
11,57593.76217592593,57593.76467592592,0,44,4.002624988555908,0.0048252590915065,0.0030535012483596,-3.6722121238708496,0.9051330051435448,0.9051450103000064,0.8192874896709986
11,57593.76217592593,57593.76467592592,0,45,3.673348426818848,0.0014640553547888,0.0007630512118339,-4.444930076599121,0.9052092521701354,0.9052329375904852,0.8194466712986995
11,57593.76217592593,57593.76467592592,0,47,3.575589179992676,-0.0028062800956623,-0.0030068457126617,-3.6023573875427246,0.9083416885469164,0.908362308950858,0.8251220843225341
11,57593.76217592593,57593.76467592592,0,49,4.131242752075195,0.0047691988784456,0.0023208782076835,-3.7430787086486816,0.9063490265918578,0.9063613791481974,0.8214909496114223
11,57593.76217592593,57593.76467592592,0,54,3.822896957397461,-0.0007660111237654,-0.006135705858469,-4.171777725219727,0.9111288118024364,0.911153521833042,0.8302007403487559
11,57593.76217592593,57593.76467592592,0,59,4.273708343505859,0.0103801594566871,0.007661797106266,-4.25665807723999,0.9174485327108494,0.9174150134945982,0.8416503069852939
11,57593.76217592593,57593.76467592592,0,62,3.9056005477905273,0.0116606352036142,0.0102182291448116,-4.203901290893555,0.905822314694482,0.9057721421977236,0.820423173581453
11,57593.76217592593,57593.76467592592,0,64,4.151057720184326,0.0022023491886864,-0.0068120285868644,-3.619215965270996,0.9083656948289296,0.908387981063689,0.825168724140965
11,57593.76217592593,57593.76467592592,0,68,4.636009216308594,0.0036798998680231,0.0014780089259147,-4.762480735778809,0.966196358182926,0.9662158951969564,0.933573156131256
11,57593.76217592593,57593.76467592592,0,69,4.080867767333984,-0.0055635039169587,-0.010418901219964,-3.7277793884277344,0.9178863022797824,0.917894658567826,0.8425306042273458
11,57593.76217592593,57593.76467592592,0,72,3.6643259525299072,0.0115606812552733,0.0069214440882205,-3.824785232543945,0.911347867091041,0.911299575085268,0.8304669155505898
11,57593.76217592593,57593.76467592592,0,77,3.238687515258789,-0.0084029917695283,-0.0145409256219863,-3.580039978027344,0.9042006773067414,0.9041864714069792,0.8175531750754039
11,57593.76217592593,57593.76467592592,0,81,3.818973064422608,0.0115042730034481,0.0094272084534168,-3.5330796241760254,0.898763057114967,0.8987141163614488,0.8076870629473397
11,57593.76217592593,57593.76467592592,0,85,3.7087562084198,0.0098951282076905,0.0094249248504638,-3.860447883605957,0.8971891834020481,0.8971592624708342,0.8048947422372112
11,57593.76217592593,57593.76467592592,0,86,4.288768291473389,0.0059410226360414,-0.0003039091825485,-4.069972038269043,0.905159335246707,0.9051647055588627,0.8193231441894628
11,57593.76217592593,57593.76467592592,0,87,4.151033401489258,-0.0071854880771722,-0.0118349473923444,-3.4721975326538086,0.9053782088177322,0.9053745680078552,0.8197031083954107
11,57593.76217592593,57593.76467592592,0,88,3.357637882232666,-5.414987397432732e-05,-0.0012818984687328,-3.530198097229004,0.9032931862402882,0.9033180013867196,0.8159834116292976
11,57593.76217592593,57593.76467592592,0,89,3.661782741546631,-0.0054161726143518,-0.0086553357541561,-4.201546669006348,0.912383439797356,0.9123924297406932,0.8324599458481258
11,57593.76217592593,57593.76467592592,0,93,3.4145190715789795,-0.0126450096095712,-0.014399766921997,-3.689163208007813,0.8965280910123073,0.8964635397650065,0.8036468781280054
11,57593.76217592593,57593.76467592592,0,95,4.015758991241455,0.0062024449657362,-0.0029874667525291,-4.340457439422607,0.9161488650971809,0.9161530385690768,0.8393363900793523
11,57593.76217592593,57593.76467592592,0,97,3.854694604873657,-0.0009697807816133,-0.003596007823944,-4.013901233673096,0.915200501589371,0.915225131674136,0.8376370416479398
11,57593.76217592593,57593.76467592592,0,102,3.539743423461914,-0.0036489647612036,-0.0038429200649261,-3.9445300102233887,0.9107033935845056,0.9107211034567102,0.8294129282814079
11,57593.76217592593,57593.76467592592,0,105,3.439523458480835,-0.0025952381649883,-0.0152468755841255,-3.4593939781188965,0.90791207416709,0.9079333085214876,0.8243428927227747
11,57593.76217592593,57593.76467592592,0,106,381.6525936126709,0.0108181786414869,0.0057493299245834,-3.742793083190918,0.906518854261658,0.9064792048052266,0.821704548744316
11,57593.76217592593,57593.76467592592,0,111,3.869651317596436,1.812688213171126e-05,-0.0043772161006927,-3.4177308082580566,0.9134840505941312,0.913509147164154,0.8344989619525801
11,57593.76217592593,57593.76467592592,0,112,3.806881904602051,0.0120832040994223,0.0068287253379821,-4.095211029052734,0.9083095321490028,0.9082541097896988,0.8249255279498785
11,57593.76217592593,57593.76467592592,0,114,417.1060085296631,-0.0007023907724031,-0.0093836784362792,-3.7378101348876953,0.899822637589944,0.8998470848643308,0.8097247761388343
11,57593.76217592593,57593.76467592592,0,116,3.6412665843963614,0.0053393146265196,0.0047347098588943,-4.45628547668457,0.9117067444096943,0.9117161571996912,0.831226351298972
11,57593.76217592593,57593.76467592592,0,117,3.7706334590911865,-0.0034206002628287,-0.0144725367426872,-3.7981886863708496,0.902707539908944,0.9027258596027682,0.8149139775955568
11,57593.76217592593,57593.76467592592,0,118,3.774358987808228,-0.0082515450491785,-0.0154336169362068,-3.670252799987793,0.9061946995326846,0.9061820261233202,0.8211658644689658
11,57593.76217592593,57593.76467592592,0,120,3.846655130386353,0.0021119853518749,0.0012852549552917,-3.4765050411224365,0.9015597397632164,0.901582035078789,0.8128501659768107
11,57593.76217592593,57593.76467592592,0,124,3.832486152648926,0.0078437635041056,0.0034429398365318,-3.8069546222686768,0.9032018076748396,0.9031925611759156,0.8157568025635099
11,57593.76217592593,57593.76467592592,0,127,3.4724552631378174,0.0115103653716025,0.0113542824983596,-3.773122549057007,0.9055279959344829,0.9054797137452516,0.8198935120041827
12,57593.76486111112,57593.7674537037,0,0,3.804507255554199,-0.0046617191696455,-0.0081837773323059,-3.4824676513671875,0.8871451407174202,0.8871564248789804,0.787046522204054
12,57593.76486111112,57593.7674537037,0,1,4.485395431518555,0.0113514160884629,0.0093793533742427,-4.263664245605469,0.9078016647055632,0.9077547699219484,0.8240187223160497
12,57593.76486111112,57593.7674537037,0,2,4.761679649353027,-0.0026462473365693,-0.002815619111061,-4.29866886138916,0.9078833885179982,0.9079036145868944,0.8242889733799482
12,57593.76486111112,57593.7674537037,0,3,3.669440507888794,0.0156942248188789,0.0132101327180862,-3.401652336120605,0.8907280099937328,0.8906133606982908,0.7931921582543039
12,57593.76486111112,57593.7674537037,0,6,3.953078269958496,-0.0013519962707321,-0.0043053440749645,-4.098444938659668,0.8980372942068998,0.8980600980289754,0.8065119396718128
12,57593.76486111112,57593.7674537037,0,14,3.481867790222168,0.0119715615143056,0.0105576291680336,-4.005211353302002,0.901226929663362,0.9011713173477872,0.8121097432103465
12,57593.76486111112,57593.7674537037,0,19,3.770055294036865,0.0109471549582852,0.0027951234951615,-3.425363063812256,0.8942973026890174,0.8942540183197764,0.7996902492810669
12,57593.76486111112,57593.7674537037,0,21,3.897313117980957,0.0005490437990291,-0.0035537257790565,-4.111520290374756,0.8954254365449603,0.8954490204960622,0.8018289483073573
12,57593.76486111112,57593.7674537037,0,28,4.490976333618164,-0.0094367990123517,-0.0103332884609699,-3.815560817718506,0.9008697320314004,0.9008441998414864,0.8115202723880477
12,57593.76486111112,57593.7674537037,0,30,416.7980194091797,0.0022290992022884,-0.0053737126290798,-4.143974304199219,0.8978689593884024,0.8978900093685673,0.8062064689238859
12,57593.76486111112,57593.7674537037,0,31,3.949032068252564,0.0137608765292447,0.0066366866230964,-3.4278721809387207,0.8960097921435463,0.8959278814428668,0.8026867687467037
12,57593.76486111112,57593.7674537037,0,32,3.4809226989746094,0.004508296435017,0.0042545050382614,-4.265239238739014,0.8895145918456692,0.8895267623371137,0.791257860913948
12,57593.76486111112,57593.7674537037,0,33,3.6910905838012695,-0.0096808708262499,-0.0112088546156883,-3.294703960418701,0.8952407118817935,0.8952121132951266,0.8014047277903266
12,57593.76486111112,57593.7674537037,0,35,3.776700496673584,0.0097585063606539,0.0046345964074134,-3.4485087394714355,0.901218122325762,0.9011891921323026,0.8121419600160723
12,57593.76486111112,57593.7674537037,0,36,3.582057476043701,0.0076360867461511,0.0003270730376243,-3.787758111953736,0.9035273222821406,0.9035190201664342,0.8163466198025132
12,57593.76486111112,57593.7674537037,0,39,3.7514431476593018,0.0027037345072555,-0.0014187730848789,-4.352607727050781,0.9071117613479132,0.90713179413804,0.8228880919360994
12,57593.76486111112,57593.7674537037,0,42,3.46231460571289,0.0053842044173831,-0.0020895712077617,-3.750626802444458,0.9077799480054896,0.9077880601060252,0.8240791620710602
12,57593.76486111112,57593.7674537037,0,44,4.303182125091553,0.0022102663646246,-0.0007176995277404,-4.284769058227539,0.90620449697227,0.9062258396469416,0.8212452724438045
12,57593.76486111112,57593.7674537037,0,47,4.2576003074646,-0.0012662672868557,-0.0092602781951427,-4.331047058105469,0.9122786216479448,0.9123019421524324,0.8322948336551002
12,57593.76486111112,57593.7674537037,0,48,3.6233434677124015,-0.0033675192109005,-0.0037822574377059,-3.9112603664398193,0.9028115168638198,0.9028291843998314,0.8151005362040648
12,57593.76486111112,57593.7674537037,0,49,3.661338806152344,0.0009821759262282,-0.0031710565090179,-3.908459424972534,0.8997773448334838,0.8998006764816757,0.8096412573968812
12,57593.76486111112,57593.7674537037,0,52,4.056641101837158,0.0052286946946947,0.0031681358814239,-3.415923595428467,0.9011692353534018,0.9011779707029935,0.8121217348803654
12,57593.76486111112,57593.7674537037,0,56,4.371388912200928,0.0015343507623487,9.819120168685912e-05,-3.967962741851807,0.9109600672981202,0.910982939450437,0.8298899159697585
12,57593.76486111112,57593.7674537037,0,59,3.36704683303833,0.0149525236053297,0.0132297351956367,-3.537084579467773,0.904255620205342,0.9041559695682168,0.8174980173058422
12,57593.76486111112,57593.7674537037,0,60,4.2214555740356445,0.0100876564527083,0.0096349716186523,-3.552197933197021,0.9024890847393182,0.9024566432743232,0.8144279929899592
12,57593.76486111112,57593.7674537037,0,63,3.834148406982422,-0.0004628223457944,-0.0017057647928595,-3.6853089332580566,0.9153104392821558,0.9153346020246192,0.837837433663568
12,57593.76486111112,57593.7674537037,0,64,3.778315782546997,0.0024187941219044,0.001438733190298,-4.108509063720703,0.90466783730871,0.904688601123154,0.818461465002169
12,57593.76486111112,57593.7674537037,0,68,4.548476696014404,0.0019511477740861,-0.0021816343069076,-4.311875820159912,0.96141625952938,0.9614397823670732,0.9243664551180452
12,57593.76486111112,57593.7674537037,0,69,3.888293743133545,-0.0055886836732868,-0.0091255912557244,-3.849178314208984,0.8994475470712537,0.899454042879087,0.8090175752515345
12,57593.76486111112,57593.7674537037,0,72,3.7590231895446777,0.0005217893792449,-0.0063382210209965,-4.375429153442383,0.918575884257461,0.9186001024320156,0.8438261481881097
12,57593.76486111112,57593.7674537037,0,75,591.0433769226074,-0.0087116428544196,-0.0148081630468368,-4.284677028656006,0.9352352090301465,0.9352194412246612,0.8746354032445676
12,57593.76486111112,57593.7674537037,0,78,4.087373733520508,-0.0069210662776777,-0.0084018781781196,-3.947566270828247,0.9020333622600384,0.9020307369648206,0.8136594504292973
12,57593.76486111112,57593.7674537037,0,81,3.653427839279175,-0.0113301734673229,-0.0137675777077674,-3.530511379241944,0.902483285018136,0.9024360978308398,0.8143909106681531
12,57593.76486111112,57593.7674537037,0,85,3.65004825592041,0.0085922938176932,-0.0029620043933391,-3.9061975479125977,0.9006353834878457,0.9006182856018048,0.811113296360334
12,57593.76486111112,57593.7674537037,0,87,4.849740982055664,-0.001944567485952,-0.0084446929395198,-364.06350135803217,0.9047126930216848,0.9047346017997882,0.8185446996938212
12,57593.76486111112,57593.7674537037,0,89,3.65168571472168,0.003128153020936,-0.0013552382588386,-3.766678810119629,0.9047336230534552,0.9047522142303857,0.8185765691547856
12,57593.76486111112,57593.7674537037,0,94,4.3416032791137695,-0.0095147336951756,-0.0100952200591564,-4.1889495849609375,0.9046869015715991,0.9046608628440708,0.8184112767617786
12,57593.76486111112,57593.7674537037,0,100,3.540585994720459,-0.005353680706116,-0.0070162862539291,-5.21269416809082,0.9046580416917744,0.9046661970342136,0.8184209280563466
12,57593.76486111112,57593.7674537037,0,101,3.379031181335449,-0.0038868415800839,-0.0061082318425178,-4.139537811279297,0.9023018189298924,0.902317381691344,0.8141766573023228
12,57593.76486111112,57593.7674537037,0,102,370.7313060760498,0.0058101765775621,0.0029710717499256,-3.5553524494171143,0.8991168854080785,0.899121961967758,0.8084203024927504
12,57593.76486111112,57593.7674537037,0,106,3.88120174407959,-0.000953758633115,-0.0035505006089806,-4.007083892822266,0.9026260560206534,0.9026494954015962,0.8147761115487563
12,57593.76486111112,57593.7674537037,0,109,3.560215711593628,0.0082310589587696,0.0061157681047916,-360.4262351989746,0.8998420229838845,0.8998282449550928,0.8096908704189625
12,57593.76486111112,57593.7674537037,0,115,3.5753564834594727,0.0120551496597417,0.0068969503045082,-4.0293145179748535,0.8999759927995152,0.8999191208556229,0.8098544240815572
13,57593.76763888889,57593.77013888889,0,3,4.227573394775391,-0.0056353670709183,-0.0146051347255706,-3.7101550102233887,0.8893358755487981,0.8893424536523659,0.7909299998684105
13,57593.76763888889,57593.77013888889,0,9,3.7229232788085938,0.0024069426739127,-0.0051050037145614,-3.614767551422119,0.8947982955161027,0.8948196415542885,0.8007021909113453
13,57593.76763888889,57593.77013888889,0,11,3.4969353675842285,-0.0013903192782539,-0.003756271675229,-3.6639113426208496,0.8952586747986107,0.8952821912310347,0.801530201935443
13,57593.76763888889,57593.77013888889,0,17,3.4720754623413086,0.004072406654896,-0.0064093209803104,-3.4743809700012207,0.8984180201178413,0.8984334728150813,0.8071827050745676
13,57593.76763888889,57593.77013888889,0,18,3.525652408599853,0.0042815383599947,0.0015620738267898,-3.237133741378784,0.8863504971221222,0.8863645070302129,0.7856420393229122
13,57593.76763888889,57593.77013888889,0,21,3.709686279296875,0.004741724958019,0.0023682937026023,-3.422574043273926,0.8943395444461855,0.89435154464769,0.7998646854137089
13,57593.76763888889,57593.77013888889,0,22,3.627459526062012,-0.0011388467461546,-0.0062815193086862,-3.5713610649108887,0.897096011490271,0.897119935108181,0.8048241779685068
13,57593.76763888889,57593.77013888889,0,27,3.848536491394043,-0.0014927705653666,-0.0036200322210788,-3.7731316089630127,0.8943634785667529,0.8943868041873876,0.7999277555045283
13,57593.76763888889,57593.77013888889,0,29,3.5502116680145264,-0.0011675477587709,-0.0055211149156093,-3.616389513015747,0.9013034780117524,0.9013274838754446,0.8123912331892399
13,57593.76763888889,57593.77013888889,0,30,3.395474433898926,-0.0016934128680808,-0.0094652865082025,-4.059084892272949,0.8952445197813952,0.8952675137792343,0.8015039212284515
13,57593.76763888889,57593.77013888889,0,33,3.5557971000671387,0.0058810793409625,0.0039907693862915,-3.790173053741455,0.8918117619516586,0.8918168710640514,0.7953373315144748
13,57593.76763888889,57593.77013888889,0,34,3.796008825302124,-0.0008495492851208,-0.0038934387266635,-3.4426348209381104,0.8978111438920638,0.8978354080978312,0.8061084200341992
13,57593.76763888889,57593.77013888889,0,38,4.183529376983643,0.0016374037716189,0.0016071256250143,-369.07644271850586,0.9031608008928332,0.9031841297010024,0.815741572143757
13,57593.76763888889,57593.77013888889,0,46,3.904055118560791,0.0090049569932027,0.000851884484291,-3.800007104873657,0.9008623467035052,0.9008420878681084,0.8115164672745727
13,57593.76763888889,57593.77013888889,0,47,3.451390266418457,0.0112744679530458,0.0073266848921775,-3.7762019634246826,0.8998466849676585,0.8998007716224893,0.809641428612427
13,57593.76763888889,57593.77013888889,0,49,3.7149267196655273,0.0046937764602314,-0.0009551048278808,-3.248157024383545,0.9015413732938078,0.9015539226994989,0.8127994755348539
13,57593.76763888889,57593.77013888889,0,51,4.232004642486572,0.0136054006703248,0.0062345899641513,-354.0405511856079,0.9054390095385436,0.9053616572478288,0.8196797304145351
13,57593.76763888889,57593.77013888889,0,66,3.8583271503448486,0.0048700373266711,0.0048142820596694,-4.214585304260254,0.9138919997583312,0.9139041313011536,0.8352207612093161
13,57593.76763888889,57593.77013888889,0,71,3.475492477416992,0.0101250454586429,0.0034022219479084,-3.605181932449341,0.8998205650394997,0.8997883180414384,0.8096190172838408
13,57593.76763888889,57593.77013888889,0,74,3.876021862030029,-0.0068310132708687,-0.0082779228687286,-3.381925582885742,0.8988532485922645,0.8988519854734539,0.8079348917895702
13,57593.76763888889,57593.77013888889,0,77,4.040533542633057,-0.0010813895132454,-0.0026817433536052,-3.581305265426636,0.9051514144232756,0.9051756362560854,0.8193429324716092
13,57593.76763888889,57593.77013888889,0,82,3.570918560028076,0.0054570524620178,0.001226007938385,-3.3353018760681152,0.9050680624299404,0.9050764758784824,0.8191634271886132
13,57593.76763888889,57593.77013888889,0,86,3.65436601638794,0.0014686480177832,-0.0017012655735015,-3.4220454692840576,0.9022617939635976,0.9022853870744916,0.8141189197281653
13,57593.76763888889,57593.77013888889,0,89,3.647529125213623,-0.0063023716658301,-0.009916853159666,-3.8701634407043457,0.9039503250781226,0.9039531888588592,0.8171313676481002
13,57593.76763888889,57593.77013888889,0,91,3.712662696838379,0.0066428313142323,0.0050033647567033,-3.597015380859375,0.9028694459229902,0.9028698128457232,0.8151738989480712
13,57593.76763888889,57593.77013888889,0,92,3.403787136077881,-0.0034511154522136,-0.0067557692527771,-3.765655755996704,0.8960269959688204,0.8960449667867516,0.8028965825038709
13,57593.76763888889,57593.77013888889,0,93,4.692648887634277,-0.0013499146544343,-0.0070847421884536,-3.561455249786377,0.9010122285853142,0.9010359714256024,0.8118658218028791
13,57593.76763888889,57593.77013888889,0,96,3.938080549240112,-0.0018594094628345,-0.0038654394447803,-3.763970375061035,0.899767517477141,0.8997903160527745,0.8096226128623518
13,57593.76763888889,57593.77013888889,0,100,3.824167013168335,-0.0134736617842873,-0.0191252641379833,-3.868676662445069,0.906143467438844,0.9060681826926036,0.8209595516878775
13,57593.76763888889,57593.77013888889,0,103,3.430344343185425,-0.0173092241971088,-0.0212412998080253,-3.65907621383667,0.903688056727138,0.9035470943046062,0.8163973516262969
13,57593.76763888889,57593.77013888889,0,104,4.155369758605957,-0.0141982747905806,-0.0204985253512859,-3.88284969329834,0.8949658540596893,0.8948778068939394,0.8008062892713067
13,57593.76763888889,57593.77013888889,0,105,3.604790687561035,0.0030881799158773,0.0018506869673728,-3.683774948120117,0.8906463975375675,0.8906655127950178,0.7932850556824121
13,57593.76763888889,57593.77013888889,0,109,3.738036632537842,0.0057914935923846,0.0019068717956542,-4.055708885192871,0.9042150269591808,0.9042213211087466,0.817616197547647
13,57593.76763888889,57593.77013888889,0,114,3.834715604782105,-0.0023799253070399,-0.0104109309613704,-3.76091241836548,0.902828480858368,0.902850147936051,0.8151383896281492
13,57593.76763888889,57593.77013888889,0,116,4.298271656036377,-0.0006355250692813,-0.00132492557168,-3.4621124267578125,0.900506654757855,0.9005311707067274,0.810956389414429
13,57593.76763888889,57593.77013888889,0,117,4.209745407104492,-0.0087509031577424,-0.0088217072188854,-3.6429460048675537,0.9012231899692744,0.9012054619387097,0.8121712846281629
13,57593.76763888889,57593.77013888889,0,118,3.9908385276794434,0.0094617599347135,0.0065498417243361,-4.13438081741333,0.8954480950831379,0.8954227046669613,0.8017818200330961
13,57593.76763888889,57593.77013888889,0,124,3.713841438293457,-0.012851429815573,-0.0136692225933074,-3.6398210525512695,0.900227363959949,0.9001603573416231,0.8102886689293987
13,57593.76763888889,57593.77013888889,0,126,3.5377137660980225,0.0061751322275294,0.0059647373855113,-3.661221265792847,0.9049136458771406,0.9049174367861712,0.8188755673996543
14,57593.77032407408,57593.77282407408,0,1,4.44228458404541,-0.0105338943652184,-0.0113648772239685,-4.470351696014404,0.9083520379688886,0.908315910737351,0.8250377936986234
14,57593.77032407408,57593.77282407408,0,7,4.451199531555176,0.0057118588948755,0.0024411156773567,-3.602180957794189,0.890012397686499,0.8900185203089833,0.7921329664929921
14,57593.77032407408,57593.77282407408,0,13,4.006922245025635,-0.002164347997232,-0.0023617390543222,-3.6906418800354,0.8896661102627027,0.8896879198960471,0.7915445948089552
14,57593.77032407408,57593.77282407408,0,14,4.043793678283691,-0.0001319298208537,-0.0054360106587409,-3.661455631256104,0.9018226165439532,0.9018473832611325,0.8133287026949519
14,57593.77032407408,57593.77282407408,0,16,3.711945772171021,-0.0087065374284245,-0.0108246132731437,-3.56322979927063,0.8882886511218435,0.8882703850180442,0.7890242769001045
14,57593.77032407408,57593.77282407408,0,17,361.2025260925293,-0.0165433542545025,-0.026685282588005,-3.387983083724976,0.8929801986608958,0.8928514736145164,0.7971837539356136
14,57593.77032407408,57593.77282407408,0,20,3.41211462020874,0.0002374574086618,-0.0091444440186023,-3.7096760272979736,0.8947059527784349,0.8947305021134588,0.8005426714122023
14,57593.77032407408,57593.77282407408,0,22,3.6158080101013184,0.0076309061361026,0.0058385655283927,-3.369990348815918,0.8885847197757129,0.8885763649485352,0.7895679563451524
14,57593.77032407408,57593.77282407408,0,25,4.344014644622803,-0.0009821053700275,-0.0024318322539329,-4.173580169677734,0.8928264312276143,0.8928504202661705,0.7971818729694772
14,57593.77032407408,57593.77282407408,0,26,3.372361421585083,0.0018443312492108,-0.0002715652808547,-3.959785223007202,0.8958659324379676,0.8958886466247128,0.8026164671510595
14,57593.77032407408,57593.77282407408,0,30,3.57924485206604,-0.0092976989740874,-0.0169469583779573,-3.360729455947876,0.8931648372977058,0.8931409794056004,0.7977008090935952
14,57593.77032407408,57593.77282407408,0,35,4.239893913269043,-0.000462376639646,-0.0016259178519248,-4.116730690002441,0.9061288906169735,0.906153667320382,0.8211144687981774
14,57593.77032407408,57593.77282407408,0,38,3.9535961151123047,0.0070441707023573,0.0055080354213714,-357.1474552154541,0.9021376296166548,0.9021349119281072,0.8138473993195338
14,57593.77032407408,57593.77282407408,0,40,4.033909320831299,0.0136388901225035,0.0113523751497268,-3.4836339950561523,0.9016284521818596,0.9015500570622432,0.8127925053889342
14,57593.77032407408,57593.77282407408,0,43,3.722700834274292,-0.0054509755965465,-0.0090068727731704,-3.4989678859710693,0.897077700988894,0.8970857853174637,0.8047629062186507
14,57593.77032407408,57593.77282407408,0,46,3.9151179790496826,-0.0047479656550541,-0.0105437003076076,-3.515043258666992,0.9023185879240536,0.9023308856819436,0.8142010272555606
14,57593.77032407408,57593.77282407408,0,48,3.82536244392395,0.0026759763265663,0.000132393091917,-3.871801614761353,0.888568456808264,0.8885888394854733,0.7895901256581401
14,57593.77032407408,57593.77282407408,0,51,3.95223331451416,0.0099057966064928,0.0091979876160621,-3.6288652420043945,0.8953621381351776,0.8953319376716572,0.8016192786148842
14,57593.77032407408,57593.77282407408,0,54,3.777015924453736,0.0006100854424984,-0.0047871507704257,-3.461751937866211,0.9007669141286656,0.9007914548824804,0.8114252451892956
14,57593.77032407408,57593.77282407408,0,56,3.654801607131958,-0.0002537099550898,-0.0052287280559539,-4.643250465393066,0.902020194856082,0.9020449409705884,0.8136850755306324
14,57593.77032407408,57593.77282407408,0,58,3.3642778396606445,-0.0025409873392289,-0.0033783614635467,-4.021440982818604,0.8965918924906537,0.8966129244008544,0.8039147362026522
14,57593.77032407408,57593.77282407408,0,62,3.782556772232056,-0.0098434861679305,-0.0125863403081893,-3.6444714069366455,0.8944693733391376,0.8944397815969726,0.80002252290324
14,57593.77032407408,57593.77282407408,0,63,3.785860776901245,-0.0014965728422688,-0.0031391084194183,-3.536470890045166,0.8987346018606824,0.898758047307596,0.8077660276001629
14,57593.77032407408,57593.77282407408,0,67,6.095523834228516,0.0061039183380409,0.0018642572686076,-6.599868774414063,1.0356781283224312,1.0356885943791383,1.0726508645270358
14,57593.77032407408,57593.77282407408,0,70,3.860714673995972,-0.0068207362993712,-0.0078746825456619,-3.6382155418396,0.9043315520927075,0.9043306743112084,0.8178139685001646
14,57593.77032407408,57593.77282407408,0,73,3.753475666046143,-0.0106738450127438,-0.0149996280670166,-3.787388801574707,0.9040188212202788,0.9039806403944584,0.817180998207975
14,57593.77032407408,57593.77282407408,0,76,6.065987586975098,-0.0024936090045925,-0.0038225874304771,-6.551310062408447,1.009125824499716,1.0091504678628516,1.018384666787812
14,57593.77032407408,57593.77282407408,0,78,3.921024799346924,0.009734970458251,-0.0024247877299785,-3.807814121246338,0.899480173985408,0.8994522027746837,0.8090142650762308
14,57593.77032407408,57593.77282407408,0,79,3.592402458190918,0.0089716741412233,0.0060607939958572,-4.092846393585205,0.9039801562810096,0.9039604693038418,0.8171445300640219
14,57593.77032407408,57593.77282407408,0,80,3.5510120391845703,-0.0044106269807421,-0.0048422310501337,-3.476670026779175,0.8986611371553267,0.8986750026289819,0.8076167603502007
14,57593.77032407408,57593.77282407408,0,81,3.9335336685180655,-0.0185066470151233,-0.0235313698649406,-3.880030393600464,0.9053308168091276,0.905166509441842,0.8193264098151284
14,57593.77032407408,57593.77282407408,0,82,3.857740879058838,-0.0079093032978618,-0.0162981152534484,-3.656770706176758,0.9018562667412588,0.9018463600140876,0.8133268570706593
14,57593.77032407408,57593.77282407408,0,88,3.746142625808716,0.0026903019881753,-0.0054325647652149,-4.379580974578857,0.9026733249356748,0.9026941155064178,0.8148566661699138
14,57593.77032407408,57593.77282407408,0,90,3.874188184738159,0.0047668047401808,0.0043349713087081,-449.1991996765137,0.8997135777781095,0.8997256681776731,0.8095062779777602
14,57593.77032407408,57593.77282407408,0,92,3.630734205245972,-0.000308646654792,-0.0104590747505426,-3.4083669185638428,0.892142620172013,0.8921670772033564,0.7959620936455797
14,57593.77032407408,57593.77282407408,0,93,4.11182975769043,-0.0161534753308765,-0.0190942361950874,-3.79995322227478,0.8939353900902389,0.8938139866236473,0.7989034426840577
14,57593.77032407408,57593.77282407408,0,94,3.486459493637085,0.0011754748372586,-0.0017890408635139,-3.811978578567505,0.900786240218974,0.9008102211282168,0.811459054489067
14,57593.77032407408,57593.77282407408,0,97,3.5542988777160645,-0.0044248099196292,-0.0096006169915199,-3.8271021842956543,0.895084599078996,0.8950982530382274,0.8012008825920867
14,57593.77032407408,57593.77282407408,0,98,3.522251844406128,-0.0005330105947719,-0.0061810612678527,-3.6023168563842773,0.8954007111803662,0.8954251524661393,0.8017862036690089
14,57593.77032407408,57593.77282407408,0,99,4.118025779724121,-0.0037806168512778,-0.0114787891507148,-3.7024993896484375,0.8962035235356148,0.896220171042885,0.8032105949841379
14,57593.77032407408,57593.77282407408,0,101,3.338024139404297,0.001455077224278,-0.0001359283924102,-3.697762250900269,0.8971189785252016,0.8971424456061875,0.8048645677082511
14,57593.77032407408,57593.77282407408,0,105,386.80708408355713,-0.0075675932021688,-0.0111416662111878,-3.588425397872925,0.8983720018815406,0.8983648085365676,0.8070593292169438
14,57593.77032407408,57593.77282407408,0,107,3.5898184776306152,-0.0177527348420859,-0.0179056450724601,-3.996756076812744,0.8997315105446086,0.899581066688091,0.8092460955436837
14,57593.77032407408,57593.77282407408,0,109,3.9283485412597656,0.007232270174235,0.0068493755534291,-3.478354930877685,0.8924341478130897,0.8924293598655372,0.7964301623500125
14,57593.77032407408,57593.77282407408,0,118,3.6677560806274414,-0.0035586395374099,-0.0150252133607864,-3.380998134613037,0.8944628300319273,0.8944803249149365,0.8000950516599302
14,57593.77032407408,57593.77282407408,0,120,3.897343635559082,-0.002822555784791,-0.0124229528009891,-3.716227769851685,0.8984979536467592,0.898518205130118,0.8073349649502489
14,57593.77032407408,57593.77282407408,0,121,3.5155558586120605,0.0077033160117987,0.0038157887756824,-3.6141090393066406,0.8977314843321694,0.8977230962132617,0.8059067574747252
14,57593.77032407408,57593.77282407408,0,122,3.548511981964112,-0.0005196009846506,-0.0018128640949726,-3.8330912590026855,0.9001012790606433,0.9001258581577858,0.8102265605242902
14,57593.77032407408,57593.77282407408,0,123,3.581672191619873,0.0041963755393114,-1.858361065387725e-05,-4.580960750579834,0.8997440237416174,0.8997589568041722,0.8095661803493321
14,57593.77032407408,57593.77282407408,0,125,3.4545936584472656,0.0075430637714197,0.0060016587376594,-3.4569785594940186,0.9047821264776365,0.9047755399191753,0.8186187776360349
